	X	Y	method	alternative	n	r	CI95%	p-unc	BF10	power
0	total_breaks	total_submit	pearson	two-sided	47	0.8108023148405237	[0.68 0.89]	4.920577846666648e-12	1.947e+09	0.9999999884487327
1	total_breaks	total_snapshot	pearson	two-sided	47	0.4300547847449145	[0.16 0.64]	0.002552370711377852	15.021	0.8684800777096207
2	total_breaks	total_view	pearson	two-sided	47	0.3216718289432923	[0.04 0.56]	0.02746423809225053	1.922	0.6074425052425593
3	total_breaks	total_manipulate	pearson	two-sided	47	0.7526082192511032	[0.59 0.85]	1.0558741826085048e-09	1.22e+07	0.9999977301983699
4	total_breaks	n_puzzle	pearson	two-sided	47	0.6358789201655113	[0.43 0.78]	1.5640852483068343e-06	1.3e+04	0.9989155683904334
5	total_breaks	p_puz_no_basic	pearson	two-sided	47	0.6225365470111373	[0.41 0.77]	2.980133206070593e-06	7139.231	0.9982419566419498
6	total_breaks	n_complete	pearson	two-sided	47	0.4809240277424346	[0.22 0.67]	0.0006220373836189382	53.11	0.9392972082481703
7	total_breaks	n_tutorial	pearson	two-sided	47	0.4889961206361058	[0.23 0.68]	0.000487036714059793	66.235	0.9473294140859779
8	total_breaks	complete_active	pearson	two-sided	47	0.7724249575091895	[0.62 0.87]	2.0281494679063936e-10	5.785e+07	0.9999995223923803
9	total_breaks	incomplete_active	pearson	two-sided	47	0.7441978834816152	[0.58 0.85]	2.031507516559851e-09	6.585e+06	0.9999958553750503
10	total_breaks	tutorial_atime_comp	pearson	two-sided	45	0.7243491414194696	[0.55 0.84]	1.8601245091134168e-08	8.197e+05	0.999972290648027
11	total_breaks	cumu_a_time	pearson	two-sided	47	0.19567962618794357	[-0.1   0.46]	0.18744566521159095	0.422	0.26361313179263474
12	total_breaks	persistence_score	pearson	two-sided	47	0.11189506040541557	[-0.18  0.39]	0.4539695585237263	0.239	0.11655370595144444
13	total_breaks	non_per	pearson	two-sided	47	0.28102634786785885	[-0.01  0.53]	0.055684069619059036	1.074	0.48931417756586887
14	total_breaks	productive	pearson	two-sided	47	0.25547111830495933	[-0.03  0.51]	0.08306915321908902	0.781	0.41638005131502653
15	total_breaks	unproductive	pearson	two-sided	47	0.020098347799986763	[-0.27  0.31]	0.8933310110821882	0.183	0.051741151791915796
16	total_breaks	rapid	pearson	two-sided	47	-0.2537799645456946	[-0.5   0.04]	0.0851993848353322	0.765	0.41166387245098524
17	total_breaks	no_beh	pearson	two-sided	47	-0.2755399145618174	[-0.52  0.01]	0.06084650949718695	1.0	0.47344599461464015
18	total_breaks	avg_revisit	pearson	two-sided	47	0.44021380601695675	[0.18 0.65]	0.0019582889810521417	19.006	0.885530350571856
19	total_breaks	n_attempt	pearson	two-sided	47	0.5579717671133378	[0.32 0.73]	4.6024983796189e-05	569.143	0.9879513366763579
20	total_breaks	n_failed_att	pearson	two-sided	47	0.5192945137504076	[0.27 0.7 ]	0.00018385275835574718	160.319	0.9707016856602038
21	total_breaks	revisits	pearson	two-sided	47	0.43935607428201057	[0.17 0.65]	0.0020032171011547272	18.626	0.8841478212765674
22	total_breaks	diff_event1	pearson	two-sided	47	0.5010867323303632	[0.25 0.69]	0.00033375973047505836	93.251	0.9578805445678213
23	total_breaks	different_event	pearson	two-sided	47	0.6437094248326812	[0.44 0.79]	1.0559888686896745e-06	1.874e+04	0.9991963642064926
24	total_breaks	comp_average	pearson	two-sided	47	0.34850427311100857	[0.07 0.58]	0.016364345565152098	2.976	0.6826399476905454
25	total_breaks	comp_mg1	pearson	two-sided	47	0.29618454405519345	[0.01 0.54]	0.04323123979386733	1.32	0.5334506203648394
26	total_breaks	comp_gmd4	pearson	two-sided	47	0.3651147529328552	[0.09 0.59]	0.011619771473297447	3.99	0.7265946008284933
27	total_breaks	comp_co5	pearson	two-sided	47	0.33360250199240576	[0.05 0.57]	0.02193108430979512	2.322	0.6413862322490883
28	total_breaks	comp_co6	pearson	two-sided	47	0.3529468264524879	[0.07 0.58]	0.014957484192340994	3.213	0.6946288384735148
29	total_breaks	sbst	pearson	two-sided	42	-0.016557828810547848	[-0.32  0.29]	0.9171093092849688	0.193	0.050878001459974516
30	total_breaks	sri	pearson	two-sided	44	0.022077973818642585	[-0.28  0.32]	0.8868825954655967	0.19	0.051980678501470215
31	total_breaks	so	pearson	two-sided	44	0.12277089352981324	[-0.18  0.4 ]	0.4272327936054916	0.255	0.12512793532255692
32	total_breaks	mr	pearson	two-sided	44	0.007395578395755045	[-0.29  0.3 ]	0.9619991183123853	0.188	0.049905870124202424
33	total_breaks	sv	pearson	two-sided	44	-0.09207134841823181	[-0.38  0.21]	0.5522345211332944	0.223	0.09135251105546047
34	total_submit	total_snapshot	pearson	two-sided	47	0.5497375360997153	[0.31 0.72]	6.270227424813424e-05	428.531	0.9852294723039338
35	total_submit	total_view	pearson	two-sided	47	0.5661894287002974	[0.33 0.73]	3.35265011672473e-05	761.571	0.9902505576669466
36	total_submit	total_manipulate	pearson	two-sided	47	0.8788354147973487	[0.79 0.93]	4.621463254119923e-16	1.292e+13	0.9999999999996814
37	total_submit	n_puzzle	pearson	two-sided	47	0.7389821123764521	[0.57 0.85]	3.0104250559581398e-09	4.547e+06	0.9999940747336975
38	total_submit	p_puz_no_basic	pearson	two-sided	47	0.7304378134087179	[0.56 0.84]	5.622462903565265e-09	2.526e+06	0.9999896191866304
39	total_submit	n_complete	pearson	two-sided	47	0.5524289914904367	[0.32 0.72]	5.672535846726204e-05	469.77	0.9861681866392564
40	total_submit	n_tutorial	pearson	two-sided	47	0.5201894406463949	[0.27 0.7 ]	0.00017838650289794244	164.788	0.9712444120548674
41	total_submit	complete_active	pearson	two-sided	47	0.72093170380394	[0.55 0.84]	1.0965398824361699e-08	1.348e+06	0.9999812720502917
42	total_submit	incomplete_active	pearson	two-sided	47	0.8743800144827875	[0.78 0.93]	9.920577703402426e-16	6.252e+12	0.9999999999991929
43	total_submit	tutorial_atime_comp	pearson	two-sided	45	0.6631249103201016	[0.46 0.8 ]	6.918177669761537e-07	2.792e+04	0.999442776036125
44	total_submit	cumu_a_time	pearson	two-sided	47	0.08164183223599741	[-0.21  0.36]	0.5853762058015541	0.21	0.08466545692706676
45	total_submit	persistence_score	pearson	two-sided	47	0.06807535209893097	[-0.22  0.35]	0.6493524059382377	0.201	0.0738375724970831
46	total_submit	non_per	pearson	two-sided	47	0.28214263406196977	[-0.01  0.53]	0.05467816859469859	1.09	0.49255223984842245
47	total_submit	productive	pearson	two-sided	47	0.22010262005746575	[-0.07  0.48]	0.1371167619916352	0.531	0.3220651440402205
48	total_submit	unproductive	pearson	two-sided	47	0.07558873708935196	[-0.22  0.36]	0.6135731947394087	0.206	0.0795753459972807
49	total_submit	rapid	pearson	two-sided	47	-0.18693815500716088	[-0.45  0.11]	0.20831959925388074	0.392	0.2442735196386353
50	total_submit	no_beh	pearson	two-sided	47	-0.3056884805102897	[-0.55 -0.02]	0.03665634242104511	1.512	0.5611688317875838
51	total_submit	avg_revisit	pearson	two-sided	47	0.501906645807567	[0.25 0.69]	0.0003251488436231651	95.487	0.9585346278667812
52	total_submit	n_attempt	pearson	two-sided	47	0.7796672315405645	[0.63 0.87]	1.0644799508451526e-10	1.063e+08	0.9999997442615045
53	total_submit	n_failed_att	pearson	two-sided	47	0.753929550153358	[0.6  0.86]	9.50467362627651e-10	1.347e+07	0.9999979413199162
54	total_submit	revisits	pearson	two-sided	47	0.6751692613744263	[0.48 0.81]	1.9350153614986688e-07	9.134e+04	0.9997893173614809
55	total_submit	diff_event1	pearson	two-sided	47	0.5951226088383903	[0.37 0.75]	1.0243419765656223e-05	2273.536	0.9957002199460409
56	total_submit	different_event	pearson	two-sided	47	0.7897167186100953	[0.65 0.88]	4.176267422549467e-11	2.575e+08	0.9999998982919626
57	total_submit	comp_average	pearson	two-sided	47	0.37563959521590545	[0.1 0.6]	0.009269095345485135	4.849	0.7530809902297968
58	total_submit	comp_mg1	pearson	two-sided	47	0.4418464001869496	[0.18 0.65]	0.0018752357374277277	19.753	0.8881327801574391
59	total_submit	comp_gmd4	pearson	two-sided	47	0.3469774004385684	[0.07 0.58]	0.016873110963104624	2.9	0.6784837859167276
60	total_submit	comp_co5	pearson	two-sided	47	0.33587260585794876	[0.05 0.57]	0.02099231379358857	2.409	0.6477626135174066
61	total_submit	comp_co6	pearson	two-sided	47	0.34269137443941927	[0.06 0.57]	0.01837345191022927	2.697	0.6667255041847583
62	total_submit	sbst	pearson	two-sided	42	-0.01172199961763781	[-0.31  0.29]	0.9412673116025664	0.193	0.05025405662511383
63	total_submit	sri	pearson	two-sided	44	-0.11216978183143687	[-0.4   0.19]	0.46849941855658633	0.242	0.11225882160687131
64	total_submit	so	pearson	two-sided	44	0.0035623142157479165	[-0.29  0.3 ]	0.9816905479161676	0.188	0.04970482274444878
65	total_submit	mr	pearson	two-sided	44	-0.09032419819013165	[-0.38  0.21]	0.5598336824996835	0.221	0.08974693373039075
66	total_submit	sv	pearson	two-sided	44	-0.2314659972336151	[-0.49  0.07]	0.13058842429444495	0.568	0.33154222930081156
67	total_snapshot	total_view	pearson	two-sided	47	0.8785557674760219	[0.79 0.93]	4.852691453836107e-16	1.234e+13	0.9999999999996617
68	total_snapshot	total_manipulate	pearson	two-sided	47	0.8021863278869089	[0.67 0.89]	1.2159708956019083e-11	8.271e+08	0.9999999706736861
69	total_snapshot	n_puzzle	pearson	two-sided	47	0.5287408187138194	[0.28 0.71]	0.00013312192347335076	215.197	0.9760508620659306
70	total_snapshot	p_puz_no_basic	pearson	two-sided	47	0.5347312490976709	[0.29 0.71]	0.00010793430170357686	260.638	0.9790293595996082
71	total_snapshot	n_complete	pearson	two-sided	47	0.5885436331383084	[0.36 0.75]	1.354859094194632e-05	1755.733	0.9947654070637465
72	total_snapshot	n_tutorial	pearson	two-sided	47	0.3945931382925001	[0.12 0.61]	0.00605663530421602	7.02	0.7976360136484454
73	total_snapshot	complete_active	pearson	two-sided	47	0.7478527482797594	[0.59 0.85]	1.533463607705235e-09	8.583e+06	0.9999967967409555
74	total_snapshot	incomplete_active	pearson	two-sided	47	0.5241011756637611	[0.28 0.71]	0.00015618380982196944	186.009	0.9735269984102359
75	total_snapshot	tutorial_atime_comp	pearson	two-sided	45	0.35174619716672273	[0.06 0.58]	0.017814147603730728	2.819	0.671558629638081
76	total_snapshot	cumu_a_time	pearson	two-sided	47	0.1795282348167009	[-0.11  0.44]	0.22724683409781837	0.369	0.228576465635934
77	total_snapshot	persistence_score	pearson	two-sided	47	0.24655033759082934	[-0.04  0.5 ]	0.09479084459769634	0.704	0.39170422236194047
78	total_snapshot	non_per	pearson	two-sided	47	0.015304254891241487	[-0.27  0.3 ]	0.9186762492047471	0.183	0.05086851052431143
79	total_snapshot	productive	pearson	two-sided	47	0.3885272837406976	[0.11 0.61]	0.006958651960386711	6.22	0.7838458256052222
80	total_snapshot	unproductive	pearson	two-sided	47	0.08171382496668805	[-0.21  0.36]	0.5850443710506051	0.21	0.0847285315562224
81	total_snapshot	rapid	pearson	two-sided	47	-0.16411665366347025	[-0.43  0.13]	0.27032044292983254	0.328	0.1980454375238705
82	total_snapshot	no_beh	pearson	two-sided	47	-0.32972074986471367	[-0.56 -0.05]	0.023618049914449258	2.181	0.6304172861737055
83	total_snapshot	avg_revisit	pearson	two-sided	47	0.514000840244642	[0.27 0.7 ]	0.00021941573896111104	136.485	0.9673300689671981
84	total_snapshot	n_attempt	pearson	two-sided	47	0.7414532920592238	[0.58 0.85]	2.501525411053656e-09	5.413e+06	0.9999949903674217
85	total_snapshot	n_failed_att	pearson	two-sided	47	0.7008901829174508	[0.52 0.82]	4.116852861067929e-08	3.892e+05	0.9999414978207339
86	total_snapshot	revisits	pearson	two-sided	47	0.7207945754522385	[0.55 0.84]	1.1069361646734513e-08	1.336e+06	0.9999811166320746
87	total_snapshot	diff_event1	pearson	two-sided	47	0.4415363954509346	[0.18 0.65]	0.001890761587853357	19.609	0.8876415478150195
88	total_snapshot	different_event	pearson	two-sided	47	0.6922527828592454	[0.51 0.82]	7.04615406604367e-08	2.352e+05	0.9999081338851126
89	total_snapshot	comp_average	pearson	two-sided	47	0.4998877026282873	[0.25 0.69]	0.00034672343595551025	90.085	0.9569103261287353
90	total_snapshot	comp_mg1	pearson	two-sided	47	0.42188767222824736	[0.15 0.63]	0.0031400901381411508	12.504	0.853706216125329
91	total_snapshot	comp_gmd4	pearson	two-sided	47	0.5229993652571356	[0.28 0.7 ]	0.00016216858392073717	179.741	0.9728986575532046
92	total_snapshot	comp_co5	pearson	two-sided	47	0.4898848086163412	[0.24 0.68]	0.0004739181042065756	67.89	0.9481642788513336
93	total_snapshot	comp_co6	pearson	two-sided	47	0.4980258340823549	[0.25 0.69]	0.0003677568906333081	85.403	0.9553712127547548
94	total_snapshot	sbst	pearson	two-sided	42	0.2038290863975587	[-0.11  0.48]	0.19540976242982486	0.432	0.25624397006460725
95	total_snapshot	sri	pearson	two-sided	44	0.22907000000508743	[-0.07  0.49]	0.13473086713368929	0.555	0.3256378470751248
96	total_snapshot	so	pearson	two-sided	44	0.3119350872385231	[0.02 0.56]	0.039272217328905415	1.47	0.5503241661460744
97	total_snapshot	mr	pearson	two-sided	44	0.14031775805807895	[-0.16  0.42]	0.36362813960278756	0.28	0.14929072417552414
98	total_snapshot	sv	pearson	two-sided	44	0.13904418797583323	[-0.16  0.42]	0.3680424100324645	0.278	0.1474157403316867
99	total_view	total_manipulate	pearson	two-sided	47	0.7544089955898025	[0.6  0.86]	9.14731047170212e-10	1.397e+07	0.9999980133873985
100	total_view	n_puzzle	pearson	two-sided	47	0.5377869504241851	[0.3  0.71]	9.683462269156028e-05	287.824	0.9804329329851613
101	total_view	p_puz_no_basic	pearson	two-sided	47	0.5265801199575495	[0.28 0.71]	0.0001434458995299657	201.017	0.9748997312892163
102	total_view	n_complete	pearson	two-sided	47	0.5900439621948452	[0.36 0.75]	1.2718380271740865e-05	1861.35	0.9949921899681871
103	total_view	n_tutorial	pearson	two-sided	47	0.43912883524523066	[0.17 0.64]	0.0020152719709421486	18.527	0.8837797849325195
104	total_view	complete_active	pearson	two-sided	47	0.6715086980560997	[0.48 0.8 ]	2.3821699922214081e-07	7.521e+04	0.9997508251500169
105	total_view	incomplete_active	pearson	two-sided	47	0.5128595502609765	[0.26 0.7 ]	0.00022785609756609013	131.879	0.9665661986446996
106	total_view	tutorial_atime_comp	pearson	two-sided	45	0.3128950038690659	[0.02 0.56]	0.03637002717295637	1.55	0.5628882343694205
107	total_view	cumu_a_time	pearson	two-sided	47	0.1684594461347344	[-0.12  0.43]	0.25767089005354854	0.339	0.20635500691856842
108	total_view	persistence_score	pearson	two-sided	47	0.2554856635558159	[-0.03  0.51]	0.08305101411647109	0.781	0.4164206873047102
109	total_view	non_per	pearson	two-sided	47	0.003073378143357076	[-0.28  0.29]	0.9836423704030196	0.182	0.04971456077620992
110	total_view	productive	pearson	two-sided	47	0.4163318150099427	[0.15 0.63]	0.0036051156634309277	11.069	0.8431180013151084
111	total_view	unproductive	pearson	two-sided	47	0.1314808301277016	[-0.16  0.4 ]	0.37834595193867504	0.265	0.1431248576853375
112	total_view	rapid	pearson	two-sided	47	-0.1689448105974272	[-0.44  0.12]	0.2562822086852671	0.34	0.20729813207303796
113	total_view	no_beh	pearson	two-sided	47	-0.3706976048282725	[-0.59 -0.09]	0.010316137294085318	4.421	0.7407880628737631
114	total_view	avg_revisit	pearson	two-sided	47	0.5157723760913202	[0.27 0.7 ]	0.00020687473154165227	143.992	0.9684895195562678
115	total_view	n_attempt	pearson	two-sided	47	0.7368824420064075	[0.57 0.85]	3.5177003796647454e-09	3.927e+06	0.9999931803414422
116	total_view	n_failed_att	pearson	two-sided	47	0.6960405821410701	[0.51 0.82]	5.579591455353496e-08	2.927e+05	0.9999244203173295
117	total_view	revisits	pearson	two-sided	47	0.7116325258417107	[0.53 0.83]	2.053973199238716e-08	7.474e+05	0.9999676911963651
118	total_view	diff_event1	pearson	two-sided	47	0.5086457553566007	[0.26 0.69]	0.0002616297926271997	116.311	0.9636287308453559
119	total_view	different_event	pearson	two-sided	47	0.69547151545168	[0.51 0.82]	5.779992405030825e-08	2.831e+05	0.9999221506109527
120	total_view	comp_average	pearson	two-sided	47	0.47870986988752995	[0.22 0.67]	0.0006645216719524149	50.04	0.9369497216681167
121	total_view	comp_mg1	pearson	two-sided	47	0.44838330781184194	[0.19 0.65]	0.0015731348105311582	23.102	0.8981719654561582
122	total_view	comp_gmd4	pearson	two-sided	47	0.4849614792967738	[0.23 0.68]	0.0005508036590934296	59.269	0.9434167596275925
123	total_view	comp_co5	pearson	two-sided	47	0.45914221311537406	[0.2  0.66]	0.0011692083232557086	30.121	0.9133778297200258
124	total_view	comp_co6	pearson	two-sided	47	0.4637460779013353	[0.2  0.66]	0.0010267306921918436	33.841	0.9193907583239854
125	total_view	sbst	pearson	two-sided	42	0.12400669687640764	[-0.19  0.41]	0.433962398269506	0.258	0.1229105154873275
126	total_view	sri	pearson	two-sided	44	0.11104927559269501	[-0.19  0.39]	0.47298188159322563	0.241	0.11097372518526485
127	total_view	so	pearson	two-sided	44	0.1553914818967564	[-0.15  0.43]	0.31383303367681875	0.307	0.1729326468892325
128	total_view	mr	pearson	two-sided	44	0.08623689979385743	[-0.22  0.37]	0.5777996002398659	0.218	0.08612090076242142
129	total_view	sv	pearson	two-sided	44	0.03897236551736834	[-0.26  0.33]	0.8016852948080766	0.194	0.05695158756963603
130	total_manipulate	n_puzzle	pearson	two-sided	47	0.7636826071394331	[0.61 0.86]	4.2829327837746104e-10	2.857e+07	0.9999990252724462
131	total_manipulate	p_puz_no_basic	pearson	two-sided	47	0.7624736283988296	[0.61 0.86]	4.737454873122267e-10	2.598e+07	0.9999989277579479
132	total_manipulate	n_complete	pearson	two-sided	47	0.6405127375670889	[0.43 0.78]	1.2413212532959889e-06	1.612e+04	0.9990904272384855
133	total_manipulate	n_tutorial	pearson	two-sided	47	0.5204626127837486	[0.27 0.7 ]	0.0001767475995983947	166.179	0.9714085370531088
134	total_manipulate	complete_active	pearson	two-sided	47	0.8169724375854659	[0.69 0.89]	2.5013788301241033e-12	3.696e+09	0.9999999943076119
135	total_manipulate	incomplete_active	pearson	two-sided	47	0.8499804098424252	[0.74 0.91]	4.117362541480092e-14	1.816e+11	0.99999999993635
136	total_manipulate	tutorial_atime_comp	pearson	two-sided	45	0.5689343762387692	[0.33 0.74]	4.544623922538377e-05	581.871	0.9882483912626274
137	total_manipulate	cumu_a_time	pearson	two-sided	47	0.09779191827547189	[-0.19  0.37]	0.5131473550548317	0.224	0.10033136397688448
138	total_manipulate	persistence_score	pearson	two-sided	47	0.12445670668384184	[-0.17  0.4 ]	0.40456032485145327	0.255	0.1330485320645395
139	total_manipulate	non_per	pearson	two-sided	47	0.255472570135724	[-0.03  0.51]	0.08306734252955543	0.781	0.41638410733132025
140	total_manipulate	productive	pearson	two-sided	47	0.3085066491666242	[0.02 0.55]	0.03487316293073375	1.575	0.5693705772782325
141	total_manipulate	unproductive	pearson	two-sided	47	0.09911924925493494	[-0.19  0.38]	0.5074172947892128	0.225	0.10175599321995547
142	total_manipulate	rapid	pearson	two-sided	47	-0.19840416519502074	[-0.46  0.09]	0.18125583369617904	0.433	0.2698180718115967
143	total_manipulate	no_beh	pearson	two-sided	47	-0.3800198495888893	[-0.6 -0.1]	0.008418960183944337	5.271	0.7637527117118101
144	total_manipulate	avg_revisit	pearson	two-sided	47	0.5234485197953144	[0.28 0.7 ]	0.0001597041686534344	182.268	0.9731561684131247
145	total_manipulate	n_attempt	pearson	two-sided	47	0.8860806079350503	[0.8  0.94]	1.248838793515851e-16	4.485e+13	0.9999999999999368
146	total_manipulate	n_failed_att	pearson	two-sided	47	0.8507791787956667	[0.75 0.91]	3.683707545284011e-14	2.018e+11	0.9999999999439116
147	total_manipulate	revisits	pearson	two-sided	47	0.8031579999738745	[0.67 0.89]	1.1004755288784648e-11	9.09e+08	0.9999999735163214
148	total_manipulate	diff_event1	pearson	two-sided	47	0.5925909283577006	[0.37 0.75]	1.1415534195949906e-05	2056.848	0.9953584879811207
149	total_manipulate	different_event	pearson	two-sided	47	0.854706723024565	[0.75 0.92]	2.1109319756435413e-14	3.423e+11	0.9999999999703192
150	total_manipulate	comp_average	pearson	two-sided	47	0.491063573258265	[0.24 0.68]	0.0004570087564444654	70.157	0.9492568178161044
151	total_manipulate	comp_mg1	pearson	two-sided	47	0.46921924237742807	[0.21 0.67]	0.0008776814583414472	38.958	0.9261610430685159
152	total_manipulate	comp_gmd4	pearson	two-sided	47	0.49122722373570643	[0.24 0.68]	0.0004547046852133863	70.478	0.949407166209522
153	total_manipulate	comp_co5	pearson	two-sided	47	0.464948581387075	[0.21 0.66]	0.0009921707199754893	34.897	0.9209132335819469
154	total_manipulate	comp_co6	pearson	two-sided	47	0.4798456513501311	[0.22 0.67]	0.0006424139474504668	51.589	0.9381617767343511
155	total_manipulate	sbst	pearson	two-sided	42	0.13628434221922506	[-0.17  0.42]	0.3894614242786017	0.275	0.1387893651893085
156	total_manipulate	sri	pearson	two-sided	44	0.09931937971680972	[-0.2   0.38]	0.5212413043262182	0.229	0.09837201457093854
157	total_manipulate	so	pearson	two-sided	44	0.2155451965945323	[-0.09  0.48]	0.1599664870475068	0.489	0.29330069619263743
158	total_manipulate	mr	pearson	two-sided	44	0.05790782982305737	[-0.24  0.35]	0.7088711673554848	0.201	0.06587945644476233
159	total_manipulate	sv	pearson	two-sided	44	-0.03411471140954132	[-0.33  0.27]	0.825995188914992	0.192	0.05523645113702534
160	n_puzzle	p_puz_no_basic	pearson	two-sided	47	0.9790482195823406	[0.96 0.99]	9.538010497280355e-33	1.05e+29	1.0
161	n_puzzle	n_complete	pearson	two-sided	47	0.8422714511470911	[0.73 0.91]	1.1673424196315414e-13	6.754e+10	0.9999999997944612
162	n_puzzle	n_tutorial	pearson	two-sided	47	0.6984417642347788	[0.51 0.82]	4.803421678244111e-08	3.368e+05	0.9999333624751028
163	n_puzzle	complete_active	pearson	two-sided	47	0.6768441537644543	[0.48 0.81]	1.7577154835891777e-07	9.993e+04	0.9998051098672892
164	n_puzzle	incomplete_active	pearson	two-sided	47	0.6039225423009168	[0.38 0.76]	6.978286152395826e-06	3243.1	0.9967293687633739
165	n_puzzle	tutorial_atime_comp	pearson	two-sided	45	0.3526598756233388	[0.07 0.59]	0.017499515643510294	2.862	0.6740224362519123
166	n_puzzle	cumu_a_time	pearson	two-sided	47	-0.231630585667058	[-0.49  0.06]	0.11720606533663754	0.598	0.35169976729436536
167	n_puzzle	persistence_score	pearson	two-sided	47	-0.2574990680172007	[-0.51  0.03]	0.08056991093380213	0.8	0.42205738554957306
168	n_puzzle	non_per	pearson	two-sided	47	0.4445833905497207	[0.18 0.65]	0.0017429927599619185	21.083	0.892410271982331
169	n_puzzle	productive	pearson	two-sided	47	0.02713245210105216	[-0.26  0.31]	0.8563400025159331	0.185	0.05345255555722894
170	n_puzzle	unproductive	pearson	two-sided	47	-0.14298393341752588	[-0.41  0.15]	0.3376639714863805	0.284	0.16095938843285953
171	n_puzzle	rapid	pearson	two-sided	47	-0.0840831631622193	[-0.36  0.21]	0.5741708916443564	0.212	0.08683782562410594
172	n_puzzle	no_beh	pearson	two-sided	47	-0.16467095177331834	[-0.43  0.13]	0.26868339927974716	0.329	0.1990930862952437
173	n_puzzle	avg_revisit	pearson	two-sided	47	0.2990139657150819	[0.01 0.54]	0.04118030815045247	1.374	0.5417075333063144
174	n_puzzle	n_attempt	pearson	two-sided	47	0.7337087580435139	[0.57 0.84]	4.438993478527985e-09	3.155e+06	0.999991595047377
175	n_puzzle	n_failed_att	pearson	two-sided	47	0.6092152877898787	[0.39 0.76]	5.508969063152665e-06	4037.252	0.9972421635477873
176	n_puzzle	revisits	pearson	two-sided	47	0.4978926158277565	[0.25 0.69]	0.00036930512205790247	85.079	0.9552595585915049
177	n_puzzle	diff_event1	pearson	two-sided	47	0.6540892118241217	[0.45 0.79]	6.165091863692254e-07	3.095e+04	0.999470321107576
178	n_puzzle	different_event	pearson	two-sided	47	0.9563909562303078	[0.92 0.98]	1.0956016514949543e-25	1.914e+22	1.0
179	n_puzzle	comp_average	pearson	two-sided	47	0.7204837742961674	[0.55 0.83]	1.130842464299934e-08	1.309e+06	0.9999807600728543
180	n_puzzle	comp_mg1	pearson	two-sided	47	0.7144852424388907	[0.54 0.83]	1.6986899181017538e-08	8.934e+05	0.9999725803774693
181	n_puzzle	comp_gmd4	pearson	two-sided	47	0.6916209489465553	[0.5  0.82]	7.323340538864609e-08	2.268e+05	0.9999051330606081
182	n_puzzle	comp_co5	pearson	two-sided	47	0.6948303991741005	[0.51 0.82]	6.013821097159798e-08	2.728e+05	0.9999195210688966
183	n_puzzle	comp_co6	pearson	two-sided	47	0.6969047924198927	[0.51 0.82]	5.287643385278813e-08	3.078e+05	0.999927754661234
184	n_puzzle	sbst	pearson	two-sided	42	0.30295522911041955	[-0.    0.56]	0.05114913700097829	1.209	0.5052922948132372
185	n_puzzle	sri	pearson	two-sided	44	0.12983503130364524	[-0.17  0.41]	0.40090910637469024	0.264	0.1344235734073409
186	n_puzzle	so	pearson	two-sided	44	0.13752699985937675	[-0.17  0.42]	0.3733428353105995	0.276	0.1452069556490982
187	n_puzzle	mr	pearson	two-sided	44	0.10488590865378652	[-0.2   0.39]	0.49803930105445293	0.235	0.1041593664884762
188	n_puzzle	sv	pearson	two-sided	44	0.09433330484040665	[-0.21  0.38]	0.5424693356697661	0.225	0.09348091631417643
189	p_puz_no_basic	n_complete	pearson	two-sided	47	0.809995865009685	[0.68 0.89]	5.3657645742574165e-12	1.794e+09	0.9999999873619159
190	p_puz_no_basic	n_tutorial	pearson	two-sided	47	0.5892043828215322	[0.36 0.75]	1.3176999225013083e-05	1801.42	0.9948663100859307
191	p_puz_no_basic	complete_active	pearson	two-sided	47	0.6828597366881436	[0.49 0.81]	1.2382314992875995e-07	1.387e+05	0.9998535728240585
192	p_puz_no_basic	incomplete_active	pearson	two-sided	47	0.6134028704111673	[0.4  0.77]	4.55518941062184e-06	4815.411	0.9975982089626486
193	p_puz_no_basic	tutorial_atime_comp	pearson	two-sided	45	0.29729526600530815	[0.   0.54]	0.047334766168021285	1.249	0.518226482325474
194	p_puz_no_basic	cumu_a_time	pearson	two-sided	47	-0.3231986095590013	[-0.56 -0.04]	0.026697034779905933	1.968	0.6118218340075552
195	p_puz_no_basic	persistence_score	pearson	two-sided	47	-0.34296320530690916	[-0.57 -0.06]	0.018275056252023202	2.709	0.6674751202627944
196	p_puz_no_basic	non_per	pearson	two-sided	47	0.48068543785605417	[0.22 0.67]	0.000626494968332743	52.769	0.9390472800187193
197	p_puz_no_basic	productive	pearson	two-sided	47	-0.07230717639911423	[-0.35  0.22]	0.6290973592953818	0.204	0.0769907736923448
198	p_puz_no_basic	unproductive	pearson	two-sided	47	-0.16250936083886805	[-0.43  0.13]	0.27510465544482093	0.324	0.19502907976705577
199	p_puz_no_basic	rapid	pearson	two-sided	47	-0.013726696823140195	[-0.3   0.27]	0.9270351588273776	0.183	0.05063323102036225
200	p_puz_no_basic	no_beh	pearson	two-sided	47	-0.11927398942745197	[-0.39  0.17]	0.4245576973245735	0.248	0.12600705694264433
201	p_puz_no_basic	avg_revisit	pearson	two-sided	47	0.272313673826888	[-0.02  0.52]	0.06405673750221431	0.96	0.4641575868510998
202	p_puz_no_basic	n_attempt	pearson	two-sided	47	0.7484794024098926	[0.59 0.85]	1.4605714205035282e-09	8.986e+06	0.9999969370413653
203	p_puz_no_basic	n_failed_att	pearson	two-sided	47	0.6332910056177177	[0.42 0.78]	1.7766470703674636e-06	1.155e+04	0.998805875675698
204	p_puz_no_basic	revisits	pearson	two-sided	47	0.5169053646669031	[0.27 0.7 ]	0.00019919875755000844	149.034	0.9692145094142496
205	p_puz_no_basic	diff_event1	pearson	two-sided	47	0.5023944839695158	[0.25 0.69]	0.00032012125627474625	96.846	0.9589202116321672
206	p_puz_no_basic	different_event	pearson	two-sided	47	0.9323202134223467	[0.88 0.96]	1.6752633030290994e-21	1.956e+18	1.0
207	p_puz_no_basic	comp_average	pearson	two-sided	47	0.7492321834746362	[0.59 0.85]	1.3773158977287063e-09	9.497e+06	0.999997098178043
208	p_puz_no_basic	comp_mg1	pearson	two-sided	47	0.7340108150939414	[0.57 0.84]	4.342409260915081e-09	3.221e+06	0.9999917591274847
209	p_puz_no_basic	comp_gmd4	pearson	two-sided	47	0.72321178159877	[0.55 0.84]	9.365445888070454e-09	1.563e+06	0.9999836930569295
210	p_puz_no_basic	comp_co5	pearson	two-sided	47	0.7242095536877323	[0.55 0.84]	8.73659266588557e-09	1.669e+06	0.9999846608225003
211	p_puz_no_basic	comp_co6	pearson	two-sided	47	0.7269906417048974	[0.56 0.84]	7.186408265468318e-09	2.005e+06	0.9999870912682151
212	p_puz_no_basic	sbst	pearson	two-sided	42	0.2942465965098757	[-0.01  0.55]	0.0585575903273068	1.084	0.4812256769552254
213	p_puz_no_basic	sri	pearson	two-sided	44	0.17519316814266522	[-0.13  0.45]	0.2553422500764095	0.352	0.20804477378386835
214	p_puz_no_basic	so	pearson	two-sided	44	0.16768935965405335	[-0.14  0.44]	0.27658175092365783	0.333	0.19420043428778352
215	p_puz_no_basic	mr	pearson	two-sided	44	0.16758897318367783	[-0.14  0.44]	0.2768735345135903	0.333	0.19401965961090434
216	p_puz_no_basic	sv	pearson	two-sided	44	0.11575837814121412	[-0.19  0.4 ]	0.4542974003887615	0.246	0.11647086416697333
217	n_complete	n_tutorial	pearson	two-sided	47	0.8263646672527509	[0.71 0.9 ]	8.494366615232817e-13	1.028e+10	0.9999999981955229
218	n_complete	complete_active	pearson	two-sided	47	0.7087114109783162	[0.53 0.83]	2.489085469847722e-08	6.241e+05	0.9999618888043972
219	n_complete	incomplete_active	pearson	two-sided	47	0.3407399559292002	[0.06 0.57]	0.01909305041131813	2.611	0.6613293875726288
220	n_complete	tutorial_atime_comp	pearson	two-sided	45	0.28642499931267046	[-0.01  0.53]	0.05645487252804237	1.083	0.48720748480721127
221	n_complete	cumu_a_time	pearson	two-sided	47	-0.1356048776151881	[-0.41  0.16]	0.36343751347653747	0.271	0.1493280921705637
222	n_complete	persistence_score	pearson	two-sided	47	-0.15875585914766005	[-0.43  0.13]	0.28649347911193973	0.316	0.18810984787277418
223	n_complete	non_per	pearson	two-sided	47	0.023913620440596466	[-0.27  0.31]	0.8732342801110452	0.184	0.0526056142847579
224	n_complete	productive	pearson	two-sided	47	0.09141749367428416	[-0.2   0.37]	0.5411119710132912	0.218	0.09378169072943046
225	n_complete	unproductive	pearson	two-sided	47	-0.288953126615356	[-0.53 -0.  ]	0.04885397507426216	1.194	0.5123595826092261
226	n_complete	rapid	pearson	two-sided	47	0.04706033813623037	[-0.24  0.33]	0.7534330360470577	0.191	0.0611197172795748
227	n_complete	no_beh	pearson	two-sided	47	0.01285994558681939	[-0.28  0.3 ]	0.9316311320652675	0.182	0.05051487751121467
228	n_complete	avg_revisit	pearson	two-sided	47	0.37407233246990795	[0.1 0.6]	0.009590750184379552	4.708	0.7492109636794294
229	n_complete	n_attempt	pearson	two-sided	47	0.6340900271415887	[0.42 0.78]	1.7083188370928565e-06	1.198e+04	0.9988407167563563
230	n_complete	n_failed_att	pearson	two-sided	47	0.4320551176796103	[0.17 0.64]	0.0024241699457828864	15.723	0.8719539223790401
231	n_complete	revisits	pearson	two-sided	47	0.44534397636784306	[0.18 0.65]	0.0017077458330043954	21.471	0.8935799772823335
232	n_complete	diff_event1	pearson	two-sided	47	0.5686941330242279	[0.34 0.74]	3.038890576217708e-05	833.636	0.9908757898232363
233	n_complete	different_event	pearson	two-sided	47	0.8926158693078008	[0.81 0.94]	3.548031464100023e-17	1.485e+14	0.9999999999999871
234	n_complete	comp_average	pearson	two-sided	47	0.8943817441175417	[0.82 0.94]	2.4903575224998777e-17	2.079e+14	0.9999999999999918
235	n_complete	comp_mg1	pearson	two-sided	47	0.8432393772643756	[0.73 0.91]	1.0273323465543852e-13	7.624e+10	0.9999999998217688
236	n_complete	comp_gmd4	pearson	two-sided	47	0.8681167169116792	[0.77 0.92]	2.7684093222775658e-15	2.357e+12	0.9999999999972371
237	n_complete	comp_co5	pearson	two-sided	47	0.8778081228977682	[0.79 0.93]	5.526055851575379e-16	1.09e+13	0.9999999999996035
238	n_complete	comp_co6	pearson	two-sided	47	0.8785430142769463	[0.79 0.93]	4.863494165014551e-16	1.231e+13	0.9999999999996608
239	n_complete	sbst	pearson	two-sided	42	0.5584893964774811	[0.31 0.74]	0.00012122558694924045	241.454	0.9781882363696658
240	n_complete	sri	pearson	two-sided	44	0.32395105935593266	[0.03 0.57]	0.03193612765157635	1.743	0.5843168162141136
241	n_complete	so	pearson	two-sided	44	0.25018401950525343	[-0.05  0.51]	0.1014377461586554	0.689	0.3793060047784495
242	n_complete	mr	pearson	two-sided	44	0.29892623074716484	[0.   0.55]	0.04871282970093696	1.232	0.513430832978025
243	n_complete	sv	pearson	two-sided	44	0.3013090322240004	[0.   0.55]	0.04685829820063634	1.272	0.520182306949224
244	n_tutorial	complete_active	pearson	two-sided	47	0.5801096426848804	[0.35 0.74]	1.922013123771493e-05	1271.42	0.9933265117123218
245	n_tutorial	incomplete_active	pearson	two-sided	47	0.29511876932248465	[0.01 0.54]	0.04402507562042997	1.3	0.5303404760908822
246	n_tutorial	tutorial_atime_comp	pearson	two-sided	45	0.5659265806749343	[0.33 0.74]	5.087971145978114e-05	524.633	0.9873301140394182
247	n_tutorial	cumu_a_time	pearson	two-sided	47	0.0753872055201851	[-0.22  0.35]	0.6145218676229467	0.206	0.07941309009527033
248	n_tutorial	persistence_score	pearson	two-sided	47	0.028054174497066493	[-0.26  0.31]	0.8515136259730737	0.185	0.05371496315190519
249	n_tutorial	non_per	pearson	two-sided	47	0.01582884205176765	[-0.27  0.3 ]	0.9158985299954315	0.183	0.0509524334223243
250	n_tutorial	productive	pearson	two-sided	47	0.3660716043714306	[0.09 0.59]	0.011386801423627885	4.06	0.7290495218922185
251	n_tutorial	unproductive	pearson	two-sided	47	-0.3302563816672687	[-0.56 -0.05]	0.023378994412910914	2.2	0.631935541895444
252	n_tutorial	rapid	pearson	two-sided	47	-0.13403507639348655	[-0.41  0.16]	0.3690699622796853	0.269	0.14694175888154887
253	n_tutorial	no_beh	pearson	two-sided	47	-0.12605602790018533	[-0.4   0.17]	0.39850116303063915	0.257	0.13528875366491383
254	n_tutorial	avg_revisit	pearson	two-sided	47	0.3844971245956892	[0.11 0.6 ]	0.007620464528305625	5.747	0.7744340975481466
255	n_tutorial	n_attempt	pearson	two-sided	47	0.4462604848878619	[0.18 0.65]	0.0016661153423595258	21.948	0.8949785278948045
256	n_tutorial	n_failed_att	pearson	two-sided	47	0.2803183421545542	[-0.01  0.53]	0.056329745481492194	1.064	0.48726194498525705
257	n_tutorial	revisits	pearson	two-sided	47	0.289673937272354	[0.   0.53]	0.048268183929858634	1.206	0.5144600165495885
258	n_tutorial	diff_event1	pearson	two-sided	47	0.7770271791457146	[0.63 0.87]	1.3501923657930996e-10	8.495e+07	0.9999996776777337
259	n_tutorial	different_event	pearson	two-sided	47	0.7269278084703452	[0.56 0.84]	7.218380993717049e-09	1.997e+06	0.99998704043826
260	n_tutorial	comp_average	pearson	two-sided	47	0.5159323031898969	[0.27 0.7 ]	0.00020577521181625383	144.692	0.9685926331466497
261	n_tutorial	comp_mg1	pearson	two-sided	47	0.5335929582428813	[0.29 0.71]	0.00011235701849450291	251.245	0.9784868779651555
262	n_tutorial	comp_gmd4	pearson	two-sided	47	0.48307971773010583	[0.23 0.68]	0.0005830361754698566	56.304	0.9415224184265895
263	n_tutorial	comp_co5	pearson	two-sided	47	0.49449927733146554	[0.24 0.68]	0.0004107800891023397	77.262	0.9523457852450787
264	n_tutorial	comp_co6	pearson	two-sided	47	0.4948607787281714	[0.24 0.68]	0.00040616997851947476	78.055	0.9526626280548656
265	n_tutorial	sbst	pearson	two-sided	42	0.3639074961376355	[0.07 0.6 ]	0.017832166841570303	2.897	0.6723119161980995
266	n_tutorial	sri	pearson	two-sided	44	0.19427723436110714	[-0.11  0.46]	0.20634814751434677	0.407	0.2461541091507711
267	n_tutorial	so	pearson	two-sided	44	0.2298013587511388	[-0.07  0.49]	0.13345617604126628	0.559	0.32743472067631313
268	n_tutorial	mr	pearson	two-sided	44	0.13678160657663938	[-0.17  0.42]	0.3759635271803404	0.275	0.14413167659250425
269	n_tutorial	sv	pearson	two-sided	44	0.1376336728604755	[-0.17  0.42]	0.37296868259031835	0.276	0.1453613716204371
270	complete_active	incomplete_active	pearson	two-sided	47	0.5630384645098615	[0.33 0.73]	3.7895080589685806e-05	680.439	0.9894151385992174
271	complete_active	tutorial_atime_comp	pearson	two-sided	45	0.7097409942753294	[0.53 0.83]	4.7909189732202576e-08	3.378e+05	0.9999373560649317
272	complete_active	cumu_a_time	pearson	two-sided	47	0.23136010202451798	[-0.06  0.49]	0.1176465992193216	0.596	0.350990939309481
273	complete_active	persistence_score	pearson	two-sided	47	0.19391174656189508	[-0.1   0.46]	0.1915418770148129	0.416	0.25963147980500895
274	complete_active	non_per	pearson	two-sided	47	0.07852702732229279	[-0.21  0.36]	0.5998133418305105	0.208	0.08199368695794591
275	complete_active	productive	pearson	two-sided	47	0.3774700201549472	[0.1 0.6]	0.008905241749545913	5.02	0.7575666403981455
276	complete_active	unproductive	pearson	two-sided	47	-0.0977932536140546	[-0.37  0.19]	0.5131415741090479	0.224	0.10033278662525408
277	complete_active	rapid	pearson	two-sided	47	-0.23203913374071558	[-0.49  0.06]	0.11654304104119231	0.601	0.3527715839881542
278	complete_active	no_beh	pearson	two-sided	47	-0.23146227541346628	[-0.49  0.06]	0.11748004318393881	0.597	0.3512586211718482
279	complete_active	avg_revisit	pearson	two-sided	47	0.5225804508180355	[0.28 0.7 ]	0.00016449816812138488	177.419	0.9726567799805257
280	complete_active	n_attempt	pearson	two-sided	47	0.6538820522719184	[0.45 0.79]	6.232917920599536e-07	3.063e+04	0.999465774083977
281	complete_active	n_failed_att	pearson	two-sided	47	0.5548088109944286	[0.32 0.73]	5.1879531873304374e-05	509.887	0.9869579691653119
282	complete_active	revisits	pearson	two-sided	47	0.5181796400453231	[0.27 0.7 ]	0.0001908749971349155	154.939	0.9700146838651179
283	complete_active	diff_event1	pearson	two-sided	47	0.49546909509808046	[0.24 0.69]	0.0003985175692008847	79.411	0.9531923149925429
284	complete_active	different_event	pearson	two-sided	47	0.7798112517533543	[0.63 0.87]	1.0506643370378789e-10	1.077e+08	0.9999997475010355
285	complete_active	comp_average	pearson	two-sided	47	0.616083545501862	[0.4  0.77]	4.027414352234924e-06	5398.123	0.9978050573192707
286	complete_active	comp_mg1	pearson	two-sided	47	0.522525528698562	[0.28 0.7 ]	0.00016480583403823717	177.117	0.9726249461044072
287	complete_active	comp_gmd4	pearson	two-sided	47	0.6330869235432515	[0.42 0.78]	1.7945010442909614e-06	1.144e+04	0.9987968339378548
288	complete_active	comp_co5	pearson	two-sided	47	0.6079212234942041	[0.39 0.76]	5.839104015833025e-06	3825.268	0.9971235171150328
289	complete_active	comp_co6	pearson	two-sided	47	0.6185696178771528	[0.4  0.77]	3.589090253759117e-06	6007.325	0.9979831861890391
290	complete_active	sbst	pearson	two-sided	42	0.15637531132980653	[-0.15  0.44]	0.32268995615323387	0.308	0.1684099463858137
291	complete_active	sri	pearson	two-sided	44	0.17901282173271707	[-0.12  0.45]	0.24496206055099431	0.362	0.2153417854011132
292	complete_active	so	pearson	two-sided	44	0.2560577377285753	[-0.04  0.51]	0.09340615863440171	0.734	0.39483375418267397
293	complete_active	mr	pearson	two-sided	44	0.10790161082829924	[-0.2   0.39]	0.4856945378873858	0.238	0.10743994812468868
294	complete_active	sv	pearson	two-sided	44	0.0958856881353649	[-0.21  0.38]	0.5358158506046566	0.226	0.09497424184343234
295	incomplete_active	tutorial_atime_comp	pearson	two-sided	45	0.5160124028901678	[0.26 0.7 ]	0.00028546568447554253	108.855	0.9620376787546338
296	incomplete_active	cumu_a_time	pearson	two-sided	47	0.09556938600611947	[-0.2   0.37]	0.5228143521034512	0.222	0.09799296731717667
297	incomplete_active	persistence_score	pearson	two-sided	47	0.10284369226716877	[-0.19  0.38]	0.4915140830826012	0.229	0.10586618221704383
298	incomplete_active	non_per	pearson	two-sided	47	0.2880766037334565	[0.   0.53]	0.04957406540331501	1.18	0.509806246672029
299	incomplete_active	productive	pearson	two-sided	47	0.18546462742797795	[-0.11  0.45]	0.21199253529890416	0.387	0.24110045622657525
300	incomplete_active	unproductive	pearson	two-sided	47	0.2613367521163492	[-0.03  0.51]	0.0760021532391654	0.837	0.43286300082554374
301	incomplete_active	rapid	pearson	two-sided	47	-0.2009953436550683	[-0.46  0.09]	0.1755062870450377	0.443	0.27579567222339846
302	incomplete_active	no_beh	pearson	two-sided	47	-0.3580071102636501	[-0.59 -0.08]	0.01348168038412363	3.512	0.7080848136480129
303	incomplete_active	avg_revisit	pearson	two-sided	47	0.49356239337332525	[0.24 0.68]	0.00042294834329331676	75.248	0.9515174347168103
304	incomplete_active	n_attempt	pearson	two-sided	47	0.7768344119708316	[0.63 0.87]	1.3736637759217825e-10	8.358e+07	0.9999996722408775
305	incomplete_active	n_failed_att	pearson	two-sided	47	0.818118875398818	[0.69 0.9 ]	2.199740860405014e-12	4.174e+09	0.9999999950287364
306	incomplete_active	revisits	pearson	two-sided	47	0.7411952028392793	[0.58 0.85]	2.5506240782274024e-09	5.315e+06	0.9999949011383629
307	incomplete_active	diff_event1	pearson	two-sided	47	0.4677787575152619	[0.21 0.67]	0.000914902256707989	37.531	0.9244186129377829
308	incomplete_active	different_event	pearson	two-sided	47	0.650875732201405	[0.45 0.79]	7.298698519274147e-07	2.644e+04	0.9993958606227431
309	incomplete_active	comp_average	pearson	two-sided	47	0.2031467798481586	[-0.09  0.46]	0.17083330904751645	0.452	0.2808146618364533
310	incomplete_active	comp_mg1	pearson	two-sided	47	0.28547890545094007	[-0.    0.53]	0.05175880111038376	1.14	0.5022454413418651
311	incomplete_active	comp_gmd4	pearson	two-sided	47	0.17906709062835158	[-0.11  0.44]	0.22846264601086813	0.368	0.22762113257305047
312	incomplete_active	comp_co5	pearson	two-sided	47	0.15966567965220696	[-0.13  0.43]	0.2837050808366264	0.318	0.18977093402791703
313	incomplete_active	comp_co6	pearson	two-sided	47	0.17524263690999065	[-0.12  0.44]	0.23871842741120256	0.357	0.21979661498707465
314	incomplete_active	sbst	pearson	two-sided	42	-0.11918855352952384	[-0.41  0.19]	0.4521681799857424	0.253	0.117134211707621
315	incomplete_active	sri	pearson	two-sided	44	-0.09176362968016065	[-0.38  0.21]	0.5535693833259545	0.223	0.09106730188876894
316	incomplete_active	so	pearson	two-sided	44	0.04765014654404707	[-0.25  0.34]	0.7587287850294814	0.197	0.06059671971074184
317	incomplete_active	mr	pearson	two-sided	44	-0.054464525967151095	[-0.35  0.25]	0.7254855381683785	0.199	0.06398738915725287
318	incomplete_active	sv	pearson	two-sided	44	-0.2689343960119635	[-0.52  0.03]	0.07752420315529046	0.849	0.42962386325165236
319	tutorial_atime_comp	cumu_a_time	pearson	two-sided	45	0.4971118686887705	[0.24 0.69]	0.0005130020790041641	64.069	0.9461546481690666
320	tutorial_atime_comp	persistence_score	pearson	two-sided	45	0.418928105457681	[0.14 0.63]	0.004180441223162986	9.875	0.831685667265427
321	tutorial_atime_comp	non_per	pearson	two-sided	45	0.07583467387100844	[-0.22  0.36]	0.6205202727178184	0.209	0.07839486903512427
322	tutorial_atime_comp	productive	pearson	two-sided	45	0.6030745663821809	[0.38 0.76]	1.1628112355063398e-05	2039.588	0.9954034999979342
323	tutorial_atime_comp	unproductive	pearson	two-sided	45	-0.028294890470863233	[-0.32  0.27]	0.853618475365674	0.189	0.053586073695081185
324	tutorial_atime_comp	rapid	pearson	two-sided	45	-0.41625270350618415	[-0.63 -0.14]	0.0044543213436480465	9.34	0.8263015086193496
325	tutorial_atime_comp	no_beh	pearson	two-sided	45	-0.38788341840245244	[-0.61 -0.11]	0.008469895097396075	5.334	0.7636911487869087
326	tutorial_atime_comp	avg_revisit	pearson	two-sided	45	0.45476447405024917	[0.19 0.66]	0.0016984233152899514	21.906	0.8944559256988096
327	tutorial_atime_comp	n_attempt	pearson	two-sided	45	0.3297636004158946	[0.04 0.57]	0.026955735681797013	1.989	0.6108092831980032
328	tutorial_atime_comp	n_failed_att	pearson	two-sided	45	0.31643757461484984	[0.03 0.56]	0.03419625872651676	1.631	0.5730061456516807
329	tutorial_atime_comp	revisits	pearson	two-sided	45	0.2568480474184756	[-0.04  0.51]	0.08852889362210205	0.758	0.4047581282393141
330	tutorial_atime_comp	diff_event1	pearson	two-sided	45	0.5997725131389932	[0.37 0.76]	1.33581956044722e-05	1794.592	0.9949300578782884
331	tutorial_atime_comp	different_event	pearson	two-sided	45	0.41490674257849397	[0.14 0.63]	0.004597941563038508	9.084	0.8235573828224845
332	tutorial_atime_comp	comp_average	pearson	two-sided	45	0.044016993321751706	[-0.25  0.33]	0.7740318990850386	0.193	0.059211926290012054
333	tutorial_atime_comp	comp_mg1	pearson	two-sided	45	0.033237672789001325	[-0.26  0.32]	0.8284027030255531	0.19	0.05508668256328915
334	tutorial_atime_comp	comp_gmd4	pearson	two-sided	45	0.057037490078588146	[-0.24  0.34]	0.709777175024707	0.199	0.06577794808839206
335	tutorial_atime_comp	comp_co5	pearson	two-sided	45	0.03909758768751996	[-0.26  0.33]	0.7987295984125705	0.192	0.05718346830711796
336	tutorial_atime_comp	comp_co6	pearson	two-sided	45	0.04060148886045081	[-0.26  0.33]	0.7911574670793204	0.192	0.057777505075798034
337	tutorial_atime_comp	sbst	pearson	two-sided	40	-0.22927736609328153	[-0.5   0.09]	0.15469735550263383	0.523	0.29993463477384413
338	tutorial_atime_comp	sri	pearson	two-sided	42	-0.12656183077111186	[-0.41  0.18]	0.4244755437869911	0.262	0.12607742978638153
339	tutorial_atime_comp	so	pearson	two-sided	42	0.10353461658064239	[-0.21  0.4 ]	0.5140858944352769	0.236	0.10010979740266672
340	tutorial_atime_comp	mr	pearson	two-sided	42	-0.22909716724070167	[-0.5   0.08]	0.1444542182849023	0.538	0.3126616906194665
341	tutorial_atime_comp	sv	pearson	two-sided	42	-0.21610732818937772	[-0.49  0.09]	0.16926312896147047	0.479	0.28288230614235776
342	cumu_a_time	persistence_score	pearson	two-sided	47	0.9692910730730967	[0.95 0.98]	4.691391107957293e-29	3.136e+25	1.0
343	cumu_a_time	non_per	pearson	two-sided	47	-0.5044412513036287	[-0.69 -0.25]	0.0002997845427960979	102.788	0.960509031065154
344	cumu_a_time	productive	pearson	two-sided	47	0.7273934185958638	[0.56 0.84]	6.984589997947785e-09	2.06e+06	0.9999874128521304
345	cumu_a_time	unproductive	pearson	two-sided	47	0.3830024697224119	[0.11 0.6 ]	0.007879406210177355	5.583	0.7708943302492187
346	cumu_a_time	rapid	pearson	two-sided	47	-0.6091143726937199	[-0.76 -0.39]	5.53408011139805e-06	4020.27	0.9972330620250559
347	cumu_a_time	no_beh	pearson	two-sided	47	-0.2593028106338093	[-0.51  0.03]	0.07839690963901637	0.817	0.42712633059322985
348	cumu_a_time	avg_revisit	pearson	two-sided	47	0.3304714352818973	[0.05 0.56]	0.023283587293247362	2.208	0.6325447050593784
349	cumu_a_time	n_attempt	pearson	two-sided	47	-0.027784983005931185	[-0.31  0.26]	0.8529226348470648	0.185	0.05363740978155984
350	cumu_a_time	n_failed_att	pearson	two-sided	47	0.012552658626950264	[-0.28  0.3 ]	0.933261066716303	0.182	0.05047477558803838
351	cumu_a_time	revisits	pearson	two-sided	47	0.05795279024427111	[-0.23  0.34]	0.6988070428002096	0.196	0.06710651397177587
352	cumu_a_time	diff_event1	pearson	two-sided	47	0.33801981735639575	[0.06 0.57]	0.02013572230426777	2.496	0.6537657962723864
353	cumu_a_time	different_event	pearson	two-sided	47	-0.08374214443247124	[-0.36  0.21]	0.5757302003625929	0.212	0.08653022816984918
354	cumu_a_time	comp_average	pearson	two-sided	47	-0.2498481594121829	[-0.5   0.04]	0.09031690965680526	0.731	0.4007668444588967
355	cumu_a_time	comp_mg1	pearson	two-sided	47	-0.23383632361601972	[-0.49  0.06]	0.11366017631287627	0.612	0.35750313918304893
356	cumu_a_time	comp_gmd4	pearson	two-sided	47	-0.23867481360208914	[-0.49  0.05]	0.10616844986354368	0.645	0.3703728643195277
357	cumu_a_time	comp_co5	pearson	two-sided	47	-0.2514773423968583	[-0.5   0.04]	0.08816816637299475	0.745	0.4052703404356158
358	cumu_a_time	comp_co6	pearson	two-sided	47	-0.24435409627173246	[-0.5   0.05]	0.0978642327101911	0.687	0.3857101718442094
359	cumu_a_time	sbst	pearson	two-sided	42	-0.34853940129587835	[-0.59 -0.05]	0.023692524278819634	2.28	0.6312701812695692
360	cumu_a_time	sri	pearson	two-sided	44	-0.3405802292307581	[-0.58 -0.05]	0.02368379860775975	2.237	0.6307601876091143
361	cumu_a_time	so	pearson	two-sided	44	-0.18651076809429093	[-0.46  0.12]	0.22542521911136673	0.383	0.2301499777860945
362	cumu_a_time	mr	pearson	two-sided	44	-0.4015784199605013	[-0.62 -0.12]	0.006895314755637433	6.432	0.7857040254822352
363	cumu_a_time	sv	pearson	two-sided	44	-0.29844596086754016	[-0.55 -0.  ]	0.049093718776295994	1.225	0.5120707895560503
364	persistence_score	non_per	pearson	two-sided	47	-0.522506654046315	[-0.7  -0.28]	0.00016491168780443307	177.014	0.9726139994494777
365	persistence_score	productive	pearson	two-sided	47	0.7405144776799206	[0.58 0.85]	2.6845042773767282e-09	5.065e+06	0.9999946588326247
366	persistence_score	unproductive	pearson	two-sided	47	0.46235458916999944	[0.2  0.66]	0.001068062001344298	32.664	0.9176042405489676
367	persistence_score	rapid	pearson	two-sided	47	-0.5766972240786801	[-0.74 -0.35]	2.208060082600911e-05	1118.749	0.9926586640008473
368	persistence_score	no_beh	pearson	two-sided	47	-0.31754930547624605	[-0.55 -0.03]	0.02962806634097159	1.804	0.5955750461366646
369	persistence_score	avg_revisit	pearson	two-sided	47	0.3227005113554723	[0.04 0.56]	0.026945337935450023	1.953	0.6103941233491754
370	persistence_score	n_attempt	pearson	two-sided	47	0.018044904937120455	[-0.27  0.3 ]	0.904175680128007	0.183	0.05133829992937897
371	persistence_score	n_failed_att	pearson	two-sided	47	0.07021994961547666	[-0.22  0.35]	0.6390550882522694	0.202	0.07541033131763761
372	persistence_score	revisits	pearson	two-sided	47	0.12645270794011668	[-0.17  0.4 ]	0.39700652353238697	0.258	0.1358493220673243
373	persistence_score	diff_event1	pearson	two-sided	47	0.3281623330199563	[0.05 0.56]	0.024325262234767196	2.128	0.6259918460331589
374	persistence_score	different_event	pearson	two-sided	47	-0.08424041657249302	[-0.36  0.21]	0.5734525017219408	0.212	0.08698012224489687
375	persistence_score	comp_average	pearson	two-sided	47	-0.26331320333968	[-0.51  0.03]	0.07373068869867713	0.858	0.43845766237454276
376	persistence_score	comp_mg1	pearson	two-sided	47	-0.2308918062220486	[-0.49  0.06]	0.11841227439440703	0.593	0.34976520117362736
377	persistence_score	comp_gmd4	pearson	two-sided	47	-0.25557558466730346	[-0.51  0.03]	0.08293894405105347	0.782	0.4166719329623075
378	persistence_score	comp_co5	pearson	two-sided	47	-0.26978888794151723	[-0.52  0.02]	0.06666205972904729	0.93	0.45691457605308294
379	persistence_score	comp_co6	pearson	two-sided	47	-0.2623628876962584	[-0.51  0.03]	0.07481606528873844	0.848	0.4357652288023839
380	persistence_score	sbst	pearson	two-sided	42	-0.3201422008411092	[-0.57 -0.02]	0.038744174666621035	1.516	0.553065449544661
381	persistence_score	sri	pearson	two-sided	44	-0.3242854762833096	[-0.57 -0.03]	0.03174939591203157	1.752	0.585259246936633
382	persistence_score	so	pearson	two-sided	44	-0.15196743138035218	[-0.43  0.15]	0.3247454309977158	0.3	0.1673274048947674
383	persistence_score	mr	pearson	two-sided	44	-0.3880516855620704	[-0.61 -0.1 ]	0.009246088461427883	4.988	0.7542696751907362
384	persistence_score	sv	pearson	two-sided	44	-0.3081991995672435	[-0.55 -0.01]	0.041815621158497004	1.396	0.5397261708634111
385	non_per	productive	pearson	two-sided	47	-0.17928655087212458	[-0.44  0.11]	0.22788347959373975	0.368	0.22807546178285495
386	non_per	unproductive	pearson	two-sided	47	-0.10924038036496314	[-0.38  0.18]	0.46481603759501305	0.236	0.1133159646214063
387	non_per	rapid	pearson	two-sided	47	0.02155265086982129	[-0.27  0.31]	0.8856620491650865	0.184	0.05205286414150057
388	non_per	no_beh	pearson	two-sided	47	-0.3584326161457263	[-0.59 -0.08]	0.0133634574715726	3.539	0.7092060816067316
389	non_per	avg_revisit	pearson	two-sided	47	-0.18705846731887119	[-0.45  0.11]	0.20802168783766375	0.392	0.244533718192416
390	non_per	n_attempt	pearson	two-sided	47	0.2199363226953888	[-0.07  0.48]	0.1374213448108914	0.53	0.3216466101981985
391	non_per	n_failed_att	pearson	two-sided	47	0.2725020008194289	[-0.02  0.52]	0.06386570604555619	0.962	0.4646987995325006
392	non_per	revisits	pearson	two-sided	47	0.08101296551624698	[-0.21  0.36]	0.5882784138397469	0.21	0.0841170348901723
393	non_per	diff_event1	pearson	two-sided	47	0.11935561724727439	[-0.17  0.39]	0.42423847720310287	0.248	0.12611538262111385
394	non_per	different_event	pearson	two-sided	47	0.24402479295548363	[-0.05  0.5 ]	0.09833161098783708	0.684	0.3848143704511337
395	non_per	comp_average	pearson	two-sided	47	-0.015970123338697313	[-0.3   0.27]	0.9151506056310439	0.183	0.05097552069451319
396	non_per	comp_mg1	pearson	two-sided	47	-0.06543320699645792	[-0.35  0.23]	0.6621281028064256	0.199	0.0719708279896958
397	non_per	comp_gmd4	pearson	two-sided	47	0.013147082706762084	[-0.28  0.3 ]	0.9301083279204114	0.183	0.050553228570356136
398	non_per	comp_co5	pearson	two-sided	47	-0.00738379958373909	[-0.29  0.28]	0.9607134401049064	0.182	0.049945806840724805
399	non_per	comp_co6	pearson	two-sided	47	-0.00803988020141712	[-0.29  0.28]	0.9572257706915483	0.182	0.049997731966594156
400	non_per	sbst	pearson	two-sided	42	-0.05962301938311458	[-0.36  0.25]	0.7076052399910111	0.206	0.066018240563719
401	non_per	sri	pearson	two-sided	44	-0.0019331054028403176	[-0.3  0.3]	0.9900637026429245	0.188	0.049661977790108225
402	non_per	so	pearson	two-sided	44	0.057259812581387466	[-0.24  0.35]	0.7119880237374965	0.201	0.06551415251903873
403	non_per	mr	pearson	two-sided	44	-0.039774310194972184	[-0.33  0.26]	0.7976890875703428	0.194	0.057257103639234835
404	non_per	sv	pearson	two-sided	44	-0.02494205650816733	[-0.32  0.27]	0.8723227286674834	0.19	0.052627674022039495
405	productive	unproductive	pearson	two-sided	47	0.15821592107802757	[-0.14  0.43]	0.28815669634943597	0.314	0.18712894114087347
406	productive	rapid	pearson	two-sided	47	-0.4898785060671588	[-0.68 -0.24]	0.0004740100090398769	67.878	0.9481583919464883
407	productive	no_beh	pearson	two-sided	47	-0.6618420494814257	[-0.8  -0.46]	4.0687477381781343e-07	4.561e+04	0.9996179987192393
408	productive	avg_revisit	pearson	two-sided	47	0.3520807175672825	[0.07 0.58]	0.015223380588303439	3.165	0.6923039915013502
409	productive	n_attempt	pearson	two-sided	47	0.13146978368426174	[-0.16  0.4 ]	0.3783863668970958	0.265	0.1431085278239718
410	productive	n_failed_att	pearson	two-sided	47	0.15019602766252035	[-0.14  0.42]	0.31360054568531814	0.298	0.1729878765955657
411	productive	revisits	pearson	two-sided	47	0.1833158334879293	[-0.11  0.45]	0.2174293027099137	0.38	0.23651897681088432
412	productive	diff_event1	pearson	two-sided	47	0.5360344608173525	[0.29 0.71]	0.00010306593077304489	271.869	0.9796372680809775
413	productive	different_event	pearson	two-sided	47	0.1481334133430893	[-0.15  0.42]	0.32036836434693317	0.294	0.169481166322251
414	productive	comp_average	pearson	two-sided	47	-0.1654464338026269	[-0.43  0.13]	0.26640417926621557	0.331	0.20056515461308447
415	productive	comp_mg1	pearson	two-sided	47	-0.1752314860463107	[-0.44  0.12]	0.23874878145233697	0.357	0.21977405912278214
416	productive	comp_gmd4	pearson	two-sided	47	-0.1420628646696063	[-0.41  0.15]	0.3408175555093662	0.282	0.1594702234470585
417	productive	comp_co5	pearson	two-sided	47	-0.16522233593530217	[-0.43  0.13]	0.26706150071112217	0.331	0.2001389950233491
418	productive	comp_co6	pearson	two-sided	47	-0.16093823782703562	[-0.43  0.13]	0.27983485704311417	0.32	0.19211155633024177
419	productive	sbst	pearson	two-sided	42	-0.20922973437376188	[-0.48  0.1 ]	0.1835787827032763	0.452	0.26777392598484767
420	productive	sri	pearson	two-sided	44	-0.07082360377359671	[-0.36  0.23]	0.6477856422565761	0.208	0.0740622590062729
421	productive	so	pearson	two-sided	44	0.13622812708010593	[-0.17  0.42]	0.3779165405591508	0.274	0.14333746113491366
422	productive	mr	pearson	two-sided	44	-0.21838562409386747	[-0.48  0.08]	0.15440036688639586	0.502	0.29994754769560494
423	productive	sv	pearson	two-sided	44	-0.10318617101918463	[-0.39  0.2 ]	0.5050673753761397	0.233	0.10235542226945366
424	unproductive	rapid	pearson	two-sided	47	-0.30762279920323576	[-0.55 -0.02]	0.03542454255133379	1.555	0.5667996578235324
425	unproductive	no_beh	pearson	two-sided	47	-0.4037064990645774	[-0.62 -0.13]	0.00489281358189053	8.462	0.8174716792022959
426	unproductive	avg_revisit	pearson	two-sided	47	-0.027790845287549187	[-0.31  0.26]	0.8528919454983396	0.185	0.05363909063284406
427	unproductive	n_attempt	pearson	two-sided	47	0.029049086630478435	[-0.26  0.31]	0.8463100380599328	0.185	0.05400816209369776
428	unproductive	n_failed_att	pearson	two-sided	47	0.13458781450149607	[-0.16  0.41]	0.36708078312166403	0.27	0.14777848282054834
429	unproductive	revisits	pearson	two-sided	47	0.12836953470312568	[-0.16  0.4 ]	0.3898303416330584	0.26	0.13858570722428823
430	unproductive	diff_event1	pearson	two-sided	47	0.10842765597742268	[-0.18  0.38]	0.46816428340692484	0.235	0.11234191445161468
431	unproductive	different_event	pearson	two-sided	47	-0.08673243442783375	[-0.36  0.21]	0.5621234277777452	0.214	0.089273511300386
432	unproductive	comp_average	pearson	two-sided	47	-0.21462056230504759	[-0.47  0.08]	0.1474251063177753	0.503	0.3084094299558332
433	unproductive	comp_mg1	pearson	two-sided	47	-0.1844585759577124	[-0.45  0.11]	0.2145260580221171	0.384	0.23894866914431553
434	unproductive	comp_gmd4	pearson	two-sided	47	-0.20899759106763535	[-0.47  0.08]	0.15858177481544106	0.477	0.29471474599578507
435	unproductive	comp_co5	pearson	two-sided	47	-0.22053752814503294	[-0.48  0.07]	0.13632258235303993	0.534	0.32316095945370316
436	unproductive	comp_co6	pearson	two-sided	47	-0.21580144616862434	[-0.47  0.08]	0.14515763944697158	0.509	0.31132605878039954
437	unproductive	sbst	pearson	two-sided	42	-0.2847531762249626	[-0.54  0.02]	0.06758488279353302	0.967	0.4552254007334537
438	unproductive	sri	pearson	two-sided	44	-0.3264973277639204	[-0.57 -0.03]	0.030536928410120564	1.809	0.5914856680394809
439	unproductive	so	pearson	two-sided	44	-0.3354445295216648	[-0.58 -0.04]	0.026016523717587215	2.068	0.6165236146907959
440	unproductive	mr	pearson	two-sided	44	-0.26692377221418045	[-0.52  0.03]	0.0798537912583644	0.83	0.424130438125584
441	unproductive	sv	pearson	two-sided	44	-0.2458720147207487	[-0.51  0.06]	0.10766362084164793	0.658	0.3680607871517947
442	rapid	no_beh	pearson	two-sided	47	0.05812594895886757	[-0.23  0.34]	0.6979498637119916	0.196	0.06721213147935426
443	rapid	avg_revisit	pearson	two-sided	47	-0.27675424563311674	[-0.52  0.01]	0.059672094289150726	1.016	0.47695081615877766
444	rapid	n_attempt	pearson	two-sided	47	-0.14720042114806853	[-0.42  0.15]	0.3234597536665343	0.292	0.16791248807181477
445	rapid	n_failed_att	pearson	two-sided	47	-0.1934938183950621	[-0.46  0.1 ]	0.192519451577981	0.414	0.2586953802797447
446	rapid	revisits	pearson	two-sided	47	-0.1376945879700547	[-0.41  0.16]	0.3560207698882254	0.275	0.1525526837090896
447	rapid	diff_event1	pearson	two-sided	47	-0.41720391839240434	[-0.63 -0.15]	0.003528340589444954	11.281	0.8448086108029018
448	rapid	different_event	pearson	two-sided	47	-0.11141651344477525	[-0.39  0.18]	0.4559145507728485	0.238	0.1159636956244016
449	rapid	comp_average	pearson	two-sided	47	0.1579821751072625	[-0.14  0.43]	0.2888786711961377	0.314	0.18670542104259477
450	rapid	comp_mg1	pearson	two-sided	47	0.10281274098814266	[-0.19  0.38]	0.4916451693190659	0.229	0.10583133821329455
451	rapid	comp_gmd4	pearson	two-sided	47	0.1652559741745512	[-0.13  0.43]	0.2669627647117426	0.331	0.2002029242119139
452	rapid	comp_co5	pearson	two-sided	47	0.17064404257248333	[-0.12  0.44]	0.251460137895584	0.344	0.21062270944271053
453	rapid	comp_co6	pearson	two-sided	47	0.16812817183715778	[-0.13  0.43]	0.2586215927688309	0.338	0.20571295947165727
454	rapid	sbst	pearson	two-sided	42	0.41732366487712874	[0.13 0.64]	0.005965892597314887	7.425	0.8007204342478563
455	rapid	sri	pearson	two-sided	44	0.3493415771589482	[0.06 0.59]	0.020108198174910226	2.568	0.6547555183820546
456	rapid	so	pearson	two-sided	44	0.1727117036003454	[-0.13  0.45]	0.26224146883378274	0.345	0.20339429004449278
457	rapid	mr	pearson	two-sided	44	0.42437050315461256	[0.15 0.64]	0.004092017385559686	10.146	0.8337930446590849
458	rapid	sv	pearson	two-sided	44	0.3128900426786413	[0.02 0.56]	0.03864281046401971	1.489	0.5530321198138455
459	no_beh	avg_revisit	pearson	two-sided	47	-0.06502883497354263	[-0.35  0.23]	0.6640919099966527	0.199	0.07169200874564077
460	no_beh	n_attempt	pearson	two-sided	47	-0.18474623075641877	[-0.45  0.11]	0.21379951856197832	0.385	0.23956270333814317
461	no_beh	n_failed_att	pearson	two-sided	47	-0.2583173130549609	[-0.51  0.03]	0.07957837202501793	0.808	0.42435464640944565
462	no_beh	revisits	pearson	two-sided	47	-0.2081451396444707	[-0.47  0.08]	0.16032563316405216	0.473	0.2926670255158552
463	no_beh	diff_event1	pearson	two-sided	47	-0.40470171682710354	[-0.62 -0.13]	0.00477841916411672	8.639	0.8195717387424601
464	no_beh	different_event	pearson	two-sided	47	-0.17804202303946592	[-0.44  0.12]	0.23118125979763793	0.365	0.2255066696943168
465	no_beh	comp_average	pearson	two-sided	47	0.18452774722916526	[-0.11  0.45]	0.214351192948209	0.384	0.23909623472775202
466	no_beh	comp_mg1	pearson	two-sided	47	0.23766541689904006	[-0.05  0.49]	0.10769925819922782	0.638	0.3676725879891568
467	no_beh	comp_gmd4	pearson	two-sided	47	0.13888580036728657	[-0.15  0.41]	0.3518345273538926	0.277	0.15441532589247156
468	no_beh	comp_co5	pearson	two-sided	47	0.17535632613273194	[-0.12  0.44]	0.2384091013356359	0.357	0.2200266703516103
469	no_beh	comp_co6	pearson	two-sided	47	0.17072509884647505	[-0.12  0.44]	0.2512316555407589	0.344	0.21078218062053333
470	no_beh	sbst	pearson	two-sided	42	0.14083561191887284	[-0.17  0.43]	0.3736699565012838	0.282	0.14510223488558865
471	no_beh	sri	pearson	two-sided	44	0.030517603541568218	[-0.27  0.32]	0.844102276943967	0.191	0.05411560099289835
472	no_beh	so	pearson	two-sided	44	-0.09937598254542233	[-0.38  0.2 ]	0.5210027085661411	0.229	0.09842912180547378
473	no_beh	mr	pearson	two-sided	44	0.12349279415170768	[-0.18  0.41]	0.42449904915759884	0.256	0.12605132378967202
474	no_beh	sv	pearson	two-sided	44	0.05652707889191022	[-0.24  0.35]	0.7155179451527924	0.2	0.06510625041102988
475	avg_revisit	n_attempt	pearson	two-sided	47	0.5801246393990663	[0.35 0.74]	1.9208349627966694e-05	1272.139	0.9933293324617156
476	avg_revisit	n_failed_att	pearson	two-sided	47	0.5584100802823596	[0.32 0.73]	4.5263236127053576e-05	577.935	0.9880840633833409
477	avg_revisit	revisits	pearson	two-sided	47	0.609005717751605	[0.39 0.76]	5.561235326279986e-06	4002.073	0.9972232341331246
478	avg_revisit	diff_event1	pearson	two-sided	47	0.3591741733923247	[0.08 0.59]	0.013159537648881732	3.586	0.7111562896483588
479	avg_revisit	different_event	pearson	two-sided	47	0.4242649460937197	[0.16 0.63]	0.002957823750102057	13.182	0.8581041473654548
480	avg_revisit	comp_average	pearson	two-sided	47	0.22971707060503602	[-0.06  0.48]	0.12034960703415915	0.586	0.34669868707894463
481	avg_revisit	comp_mg1	pearson	two-sided	47	0.31917413103427283	[0.04 0.56]	0.028758900265195005	1.849	0.6002594300124561
482	avg_revisit	comp_gmd4	pearson	two-sided	47	0.1918763500926782	[-0.1   0.45]	0.1963362498983005	0.409	0.2550912082860406
483	avg_revisit	comp_co5	pearson	two-sided	47	0.19064976897905636	[-0.1   0.45]	0.1992661462836044	0.404	0.2523779804851254
484	avg_revisit	comp_co6	pearson	two-sided	47	0.20152455885874485	[-0.09  0.46]	0.17434836555682776	0.445	0.27702558420047063
485	avg_revisit	sbst	pearson	two-sided	42	-0.05079078571932493	[-0.35  0.26]	0.7493970360313349	0.202	0.06148415932392785
486	avg_revisit	sri	pearson	two-sided	44	0.012079803864920684	[-0.29  0.31]	0.9379677681542263	0.188	0.05034272444361565
487	avg_revisit	so	pearson	two-sided	44	0.10119630934204521	[-0.2   0.39]	0.5133585657766144	0.231	0.10028469847796237
488	avg_revisit	mr	pearson	two-sided	44	0.0740931976786534	[-0.23  0.36]	0.6326589316646115	0.21	0.07640930505284316
489	avg_revisit	sv	pearson	two-sided	44	-0.18171380087653827	[-0.45  0.12]	0.23779659430288067	0.369	0.22060255797960854
490	n_attempt	n_failed_att	pearson	two-sided	47	0.9679144034297508	[0.94 0.98]	1.240454697866917e-28	1.24e+25	1.0
491	n_attempt	revisits	pearson	two-sided	47	0.943467517189222	[0.9  0.97]	3.2866698897802265e-23	8.302e+19	1.0
492	n_attempt	diff_event1	pearson	two-sided	47	0.4691062831338893	[0.21 0.67]	0.0008805504445934453	38.844	0.9260254178928958
493	n_attempt	different_event	pearson	two-sided	47	0.8183599080597468	[0.69 0.9 ]	2.140861412216445e-12	4.283e+09	0.9999999951691042
494	n_attempt	comp_average	pearson	two-sided	47	0.5436643046294075	[0.3  0.72]	7.836034242172341e-05	349.354	0.9829248634564189
495	n_attempt	comp_mg1	pearson	two-sided	47	0.5954532389389372	[0.37 0.75]	1.0098821969233946e-05	2303.623	0.9957432588352002
496	n_attempt	comp_gmd4	pearson	two-sided	47	0.5080990298552469	[0.26 0.69]	0.0002663289639738712	114.445	0.9632338659312568
497	n_attempt	comp_co5	pearson	two-sided	47	0.501099497549047	[0.25 0.69]	0.00033362410373170284	93.285	0.9578907861032804
498	n_attempt	comp_co6	pearson	two-sided	47	0.513564457604249	[0.27 0.7 ]	0.00022260892688117948	134.703	0.967039570887575
499	n_attempt	sbst	pearson	two-sided	42	0.2486750124778121	[-0.06  0.51]	0.11228135993328327	0.651	0.36035486993864263
500	n_attempt	sri	pearson	two-sided	44	0.10990288464471154	[-0.19  0.39]	0.4775913292383171	0.24	0.10967370697396613
501	n_attempt	so	pearson	two-sided	44	0.18785415133580016	[-0.12  0.46]	0.22204152518454998	0.387	0.2328702072215292
502	n_attempt	mr	pearson	two-sided	44	0.11147946443021665	[-0.19  0.4 ]	0.47125827334575343	0.242	0.1114654153594435
503	n_attempt	sv	pearson	two-sided	44	-0.036556121206230655	[-0.33  0.26]	0.8137556649348199	0.193	0.0560694381290467
504	n_failed_att	revisits	pearson	two-sided	47	0.9640153979639058	[0.94 0.98]	1.5722553525178907e-27	1.098e+24	1.0
505	n_failed_att	diff_event1	pearson	two-sided	47	0.39768463530644144	[0.12 0.61]	0.0056373850213880606	7.474	0.8044856596738384
506	n_failed_att	different_event	pearson	two-sided	47	0.6908614264954829	[0.5  0.82]	7.670030529800861e-08	2.172e+05	0.9999014108199107
507	n_failed_att	comp_average	pearson	two-sided	47	0.33924235534426583	[0.06 0.57]	0.019661313759764154	2.547	0.6571710443999469
508	n_failed_att	comp_mg1	pearson	two-sided	47	0.41299383238071474	[0.14 0.63]	0.003912701303535418	10.298	0.8365496078561812
509	n_failed_att	comp_gmd4	pearson	two-sided	47	0.30835919624631497	[0.02 0.55]	0.03496465455490961	1.572	0.5689417638057361
510	n_failed_att	comp_co5	pearson	two-sided	47	0.29575408927003766	[0.01 0.54]	0.0435504430865031	1.312	0.5321944421541946
511	n_failed_att	comp_co6	pearson	two-sided	47	0.3098313386955262	[0.02 0.55]	0.03406004253692856	1.607	0.5732211645486663
512	n_failed_att	sbst	pearson	two-sided	42	0.10288361427390683	[-0.21  0.39]	0.5167494996469582	0.236	0.0994588319369503
513	n_failed_att	sri	pearson	two-sided	44	0.031747943888943024	[-0.27  0.33]	0.8378995709398986	0.192	0.05448473196747995
514	n_failed_att	so	pearson	two-sided	44	0.15652081317396346	[-0.15  0.43]	0.31028548329914923	0.309	0.1748116538008651
515	n_failed_att	mr	pearson	two-sided	44	0.03031979591230553	[-0.27  0.32]	0.8451003954878615	0.191	0.054057633311396985
516	n_failed_att	sv	pearson	two-sided	44	-0.133143484449398	[-0.41  0.17]	0.38891094297109513	0.269	0.1389768847442516
517	revisits	diff_event1	pearson	two-sided	47	0.34516328372871946	[0.06 0.58]	0.01749496190972904	2.812	0.6735230947726255
518	revisits	different_event	pearson	two-sided	47	0.6295225152330348	[0.42 0.78]	2.134446027687385e-06	9735.049	0.9986291686828696
519	revisits	comp_average	pearson	two-sided	47	0.35198054428918035	[0.07 0.58]	0.015254391701259954	3.16	0.6920347046908398
520	revisits	comp_mg1	pearson	two-sided	47	0.42065502508730307	[0.15 0.63]	0.0032384349593517674	12.167	0.8513944480558314
521	revisits	comp_gmd4	pearson	two-sided	47	0.32001446053298443	[0.04 0.56]	0.02831777118015557	1.873	0.6026786110534323
522	revisits	comp_co5	pearson	two-sided	47	0.30962858701898666	[0.02 0.55]	0.034183470972540805	1.602	0.5726320256128636
523	revisits	comp_co6	pearson	two-sided	47	0.32545810426157246	[0.04 0.56]	0.025594514640440276	2.039	0.6182854570695836
524	revisits	sbst	pearson	two-sided	42	0.19039020530222334	[-0.12  0.47]	0.22715591709475286	0.389	0.22887332454976894
525	revisits	sri	pearson	two-sided	44	0.10849478445177707	[-0.19  0.39]	0.4832853134560969	0.238	0.1080973025661572
526	revisits	so	pearson	two-sided	44	0.20619040822259482	[-0.1   0.47]	0.17933046782065645	0.45	0.27198073119607413
527	revisits	mr	pearson	two-sided	44	0.11172460967894943	[-0.19  0.4 ]	0.4702775622642738	0.242	0.1117465486618503
528	revisits	sv	pearson	two-sided	44	-0.06358829279458629	[-0.35  0.24]	0.6817548697276482	0.204	0.06926583400840587
529	diff_event1	different_event	pearson	two-sided	47	0.6912836315605998	[0.5  0.82]	7.475463022842854e-08	2.225e+05	0.9999034956373607
530	diff_event1	comp_average	pearson	two-sided	47	0.24659189326497885	[-0.04  0.5 ]	0.09473342110526985	0.705	0.3918179619958009
531	diff_event1	comp_mg1	pearson	two-sided	47	0.28659661986933677	[-0.    0.53]	0.05080942098152756	1.157	0.5054973744594671
532	diff_event1	comp_gmd4	pearson	two-sided	47	0.22352666210373748	[-0.07  0.48]	0.13095671815903864	0.55	0.33074083473157634
533	diff_event1	comp_co5	pearson	two-sided	47	0.22676877906015183	[-0.06  0.48]	0.12531734053322474	0.568	0.33905561569560644
534	diff_event1	comp_co6	pearson	two-sided	47	0.22579276864839032	[-0.07  0.48]	0.1269954306919691	0.563	0.3365424740264149
535	diff_event1	sbst	pearson	two-sided	42	0.07434244489086449	[-0.23  0.37]	0.6398542141524058	0.214	0.07526865284469265
536	diff_event1	sri	pearson	two-sided	44	-0.1586376406856761	[-0.44  0.15]	0.30370495030864186	0.314	0.17837409372644314
537	diff_event1	so	pearson	two-sided	44	-0.039721220964445775	[-0.33  0.26]	0.7979534822649026	0.194	0.05723668182572966
538	diff_event1	mr	pearson	two-sided	44	-0.25083488310639407	[-0.51  0.05]	0.1005225100700091	0.693	0.3810149898822746
539	diff_event1	sv	pearson	two-sided	44	-0.1149271342447602	[-0.4   0.19]	0.45756610643755247	0.245	0.11548211742350704
540	different_event	comp_average	pearson	two-sided	47	0.7573819539457123	[0.6  0.86]	7.198432836104999e-10	1.751e+07	0.9999984112668792
541	different_event	comp_mg1	pearson	two-sided	47	0.7658270736634917	[0.61 0.86]	3.5760436675904583e-10	3.387e+07	0.9999991785277327
542	different_event	comp_gmd4	pearson	two-sided	47	0.7229238343535709	[0.55 0.84]	9.554672665000518e-09	1.534e+06	0.9999834037246721
543	different_event	comp_co5	pearson	two-sided	47	0.7249092548107753	[0.55 0.84]	8.31947057190057e-09	1.747e+06	0.9999853082783776
544	different_event	comp_co6	pearson	two-sided	47	0.7292871173712586	[0.56 0.84]	6.1049882517901895e-09	2.338e+06	0.9999888300645617
545	different_event	sbst	pearson	two-sided	42	0.3403451084300163	[0.04 0.58]	0.027423976861108413	2.018	0.6089334387692855
546	different_event	sri	pearson	two-sided	44	0.15589746311001138	[-0.15  0.43]	0.3122404355905638	0.308	0.1737726541371439
547	different_event	so	pearson	two-sided	44	0.17900849464322197	[-0.12  0.45]	0.24497365581779948	0.362	0.21533342426816537
548	different_event	mr	pearson	two-sided	44	0.12215150312547131	[-0.18  0.4 ]	0.42958620326062025	0.254	0.12434047181653783
549	different_event	sv	pearson	two-sided	44	0.10116267876129832	[-0.2   0.39]	0.5134992793459853	0.231	0.10025008161205869
550	comp_average	comp_mg1	pearson	two-sided	47	0.900232693386345	[0.83 0.94]	7.35898932531704e-18	6.633e+14	0.9999999999999983
551	comp_average	comp_gmd4	pearson	two-sided	47	0.9853272481498268	[0.97 0.99]	3.3635403505701444e-36	2.082e+32	1.0
552	comp_average	comp_co5	pearson	two-sided	47	0.9931708289552903	[0.99 1.  ]	1.2268780980280975e-43	2.651e+39	1.0
553	comp_average	comp_co6	pearson	two-sided	47	0.9933372117684345	[0.99 1.  ]	7.055501802018628e-44	4.497e+39	1.0
554	comp_average	sbst	pearson	two-sided	42	0.5901355655723071	[0.35 0.76]	3.900301160804097e-05	679.81	0.9896964708521283
555	comp_average	sri	pearson	two-sided	44	0.34999483305177714	[0.06 0.59]	0.019860852227448236	2.595	0.6565278642287756
556	comp_average	so	pearson	two-sided	44	0.1855518800264044	[-0.12  0.46]	0.22786204813021674	0.38	0.2282207151828956
557	comp_average	mr	pearson	two-sided	44	0.36140825624439576	[0.07 0.59]	0.015935258548354037	3.128	0.687054451278313
558	comp_average	sv	pearson	two-sided	44	0.37986139188595147	[0.09 0.61]	0.0109809809580531	4.301	0.7342989641597832
559	comp_mg1	comp_gmd4	pearson	two-sided	47	0.8158723357425962	[0.69 0.89]	2.827276609165205e-12	3.291e+09	0.9999999935252046
560	comp_mg1	comp_co5	pearson	two-sided	47	0.8463092989623212	[0.74 0.91]	6.811191960815436e-14	1.126e+11	0.9999999998875716
561	comp_mg1	comp_co6	pearson	two-sided	47	0.8463090593565226	[0.74 0.91]	6.811412815599545e-14	1.126e+11	0.9999999998875675
562	comp_mg1	sbst	pearson	two-sided	42	0.5287004261820968	[0.27 0.72]	0.00031901345569625985	100.416	0.9600517192672509
563	comp_mg1	sri	pearson	two-sided	44	0.23970631466898326	[-0.06  0.5 ]	0.11706709150425944	0.617	0.35222499078944963
564	comp_mg1	so	pearson	two-sided	44	0.11118754235538374	[-0.19  0.4 ]	0.47242753325344683	0.241	0.11113152965556236
565	comp_mg1	mr	pearson	two-sided	44	0.3080236348183497	[0.01 0.55]	0.04193837504888708	1.392	0.5392280411576014
566	comp_mg1	sv	pearson	two-sided	44	0.20207423696882698	[-0.1   0.47]	0.18836245421597553	0.434	0.2628859303299592
567	comp_gmd4	comp_co5	pearson	two-sided	47	0.9951294375316753	[0.99 1.  ]	6.234913438958119e-47	3.718e+42	1.0
568	comp_gmd4	comp_co6	pearson	two-sided	47	0.995788177166057	[0.99 1.  ]	2.386866612106082e-48	8.398e+43	1.0
569	comp_gmd4	sbst	pearson	two-sided	42	0.5709054444313306	[0.32 0.75]	7.877216509136514e-05	357.594	0.9835163712354452
570	comp_gmd4	sri	pearson	two-sided	44	0.37817745244754664	[0.09 0.61]	0.011370283477510122	4.174	0.730111728785622
571	comp_gmd4	so	pearson	two-sided	44	0.21069929467928808	[-0.09  0.48]	0.16979766503919547	0.468	0.28214564726437275
572	comp_gmd4	mr	pearson	two-sided	44	0.36546412709330806	[0.08 0.6 ]	0.01470876626226221	3.349	0.6976805893432007
573	comp_gmd4	sv	pearson	two-sided	44	0.4300628282568677	[0.15 0.64]	0.0035719137806876386	11.434	0.8447737975504132
574	comp_co5	comp_co6	pearson	two-sided	47	0.9984103247950936	[1. 1.]	7.386296123694716e-58	1.024e+53	1.0
575	comp_co5	sbst	pearson	two-sided	42	0.5909853831828116	[0.35 0.76]	3.7770886691571694e-05	700.089	0.9899190514371434
576	comp_co5	sri	pearson	two-sided	44	0.35502379203481094	[0.06 0.59]	0.018041044236786492	2.815	0.6700847738539011
577	comp_co5	so	pearson	two-sided	44	0.18599830004732468	[-0.12  0.46]	0.22672531705456578	0.381	0.22911761573862421
578	comp_co5	mr	pearson	two-sided	44	0.35195072557055246	[0.06 0.59]	0.01913553372209929	2.678	0.6618191720615331
579	comp_co5	sv	pearson	two-sided	44	0.4068038645375905	[0.13 0.63]	0.0061368796082727104	7.118	0.7972912572072404
580	comp_co6	sbst	pearson	two-sided	42	0.5945421728836894	[0.35 0.76]	3.298987386498027e-05	792.493	0.9908091195539235
581	comp_co6	sri	pearson	two-sided	44	0.37138790836851476	[0.08 0.6 ]	0.013061984923418606	3.706	0.7129652827888538
582	comp_co6	so	pearson	two-sided	44	0.2029603489419792	[-0.1   0.47]	0.1863912984791994	0.438	0.2648287349288605
583	comp_co6	mr	pearson	two-sided	44	0.3702596948853257	[0.08 0.6 ]	0.013362907646369281	3.635	0.710076729510363
584	comp_co6	sv	pearson	two-sided	44	0.4126268105063529	[0.13 0.63]	0.00537799165603918	7.987	0.8098176927697404
585	sbst	sri	pearson	two-sided	41	0.6094012045529914	[0.37 0.77]	2.3495600336031007e-05	1086.834	0.9928160847237366
586	sbst	so	pearson	two-sided	41	0.4041120404277595	[0.11 0.63]	0.00878335517430177	5.359	0.7610531092049966
587	sbst	mr	pearson	two-sided	41	0.5680750665637074	[0.32 0.75]	0.00010698365376261678	272.131	0.9800406829323853
588	sbst	sv	pearson	two-sided	41	0.609553888443443	[0.37 0.77]	2.335512351550335e-05	1092.826	0.9928461200736246
589	sri	so	pearson	two-sided	44	0.8579817721994084	[0.75 0.92]	9.997161495960845e-14	7.578e+10	0.999999999879788
590	sri	mr	pearson	two-sided	44	0.8910877982514254	[0.81 0.94]	5.306858829199075e-16	1.082e+13	0.9999999999997785
591	sri	sv	pearson	two-sided	44	0.8659249920940378	[0.77 0.93]	3.236656863238305e-14	2.203e+11	0.9999999999674491
592	so	mr	pearson	two-sided	44	0.6105903371634261	[0.38 0.77]	1.0762144323210936e-05	2199.77	0.9957027789541283
593	so	sv	pearson	two-sided	44	0.6176402734345038	[0.39 0.77]	7.954919109475948e-06	2907.53	0.9965411424420892
594	mr	sv	pearson	two-sided	44	0.695910092820191	[0.5  0.82]	1.5693289360771305e-07	1.115e+05	0.9998353986045483
